experimental_rank,model_id,kd_nm,boltz_affinity_pred_value,boltz_rank_within_full_set,task5_existing_global_rank
1.0,UTEXAS_10000189_R209,0.001,0.09632560610771179,190.0,262
2.0,UTEXAS_10001319_R1363,0.0062,-0.01785832643508911,180.0,244
3.0,UTEXAS_10000312_R334,0.016,0.45848849415779114,224.0,314
4.0,UTEXAS_10000194_R214,0.03,0.2778898775577545,208.0,292
5.0,UTEXAS_10000823_R859,0.0485,-1.9778105020523071,2.0,2
6.5,UTEXAS_10000190_R210,0.05,-0.9076308012008667,65.0,84
6.5,UTEXAS_10000878_R917,0.05,0.5119950771331787,230.0,322
8.0,UTEXAS_10001103_R1146,0.062,-0.5181161165237427,123.0,161
9.0,UTEXAS_10000191_R211,0.07,-0.5335497856140137,120.0,158
10.0,UTEXAS_10001056_R1099,0.11,-0.4617900848388672,133.0,173
11.0,UTEXAS_10000195_R215,0.12,-0.6681727170944214,96.0,129
12.0,UTEXAS_10000016_R18,0.13,-0.4165700078010559,138.0,180
13.0,UTEXAS_10001434_R1488,0.135,0.8516414165496826,253.0,353
14.0,UTEXAS_10000084_R89,0.14,-0.8798547983169556,69.0,89
16.0,UTEXAS_10000082_R87,0.19,-0.5043758153915405,124.0,162
16.0,UTEXAS_10000015_R17,0.19,-0.4984317719936371,126.0,164
16.0,UTEXAS_10000014_R16,0.19,2.55338716506958,294.0,411
19.5,UTEXAS_10001057_R1100,0.2,0.1440839171409607,197.0,272
19.5,UTEXAS_10000073_R78,0.2,0.16279098391532898,198.0,273
19.5,UTEXAS_10000653_R685,0.2,0.4090178310871124,218.0,305
19.5,UTEXAS_10000652_R684,0.2,0.45985516905784607,225.0,315
22.0,UTEXAS_10000017_R19,0.32,-0.4682755768299103,132.0,172
23.0,UTEXAS_10000654_R686,0.36,0.3640415370464325,214.0,301
25.0,UTEXAS_10000656_R688,0.4,-0.8516178131103516,72.0,94
25.0,UTEXAS_10000146_R161,0.4,-0.5565958619117737,114.0,150
25.0,UTEXAS_10000199_R219,0.4,0.6723686456680298,242.0,337
27.0,UTEXAS_10000074_R79,0.42,2.795278787612915,298.0,415
28.0,UTEXAS_10000202_R222,0.43,0.3512515425682068,212.0,299
29.5,UTEXAS_10000193_R213,0.47,0.7261894941329956,247.0,344
29.5,UTEXAS_10000197_R217,0.47,0.8833190202713013,256.0,358
31.5,UTEXAS_10000081_R86,0.48,-0.7643692493438721,83.0,106
31.5,UTEXAS_10000075_R80,0.48,1.4369016885757446,274.0,381
34.0,UTEXAS_10000201_R221,0.5,0.5367729067802429,234.0,326
34.0,UTEXAS_10000155_R170,0.5,1.7367993593215942,279.0,389
34.0,UTEXAS_10000156_R171,0.5,2.2611844539642334,289.0,403
36.0,UTEXAS_10000013_R15,0.51,-0.4927613139152527,128.0,166
37.0,UTEXAS_10000311_R333,0.56,0.28004616498947144,209.0,293
38.0,UTEXAS_10001411_R1460,0.58,2.039349317550659,284.0,397
39.0,UTEXAS_10001410_R1459,0.65,1.2944837808609009,270.0,377
41.0,UTEXAS_10000203_R223,0.7,-0.5539452433586121,117.0,153
41.0,UTEXAS_10000200_R220,0.7,0.13684257864952087,195.0,269
41.0,UTEXAS_10000157_R172,0.7,2.181232213973999,287.0,400
43.0,UTEXAS_10000204_R224,0.8,-0.5899106860160828,110.0,146
44.0,UTEXAS_10000083_R88,0.82,-0.5574018955230713,113.0,149
45.0,UTEXAS_10000152_R167,0.9,2.0644264221191406,285.0,398
46.0,UTEXAS_10000154_R169,0.92,-1.3424186706542969,28.0,34
47.0,UTEXAS_10000147_R162,0.96,-0.8524100184440613,71.0,93
48.0,UTEXAS_10001302_R1346,1.0,1.4817613363265991,277.0,384
49.5,UTEXAS_10001246_R1290,1.1,-0.2915167808532715,154.0,201
49.5,UTEXAS_10000076_R81,1.1,2.8375635147094727,299.0,416
51.0,UTEXAS_10000198_R218,1.13,0.9273055195808411,258.0,360
52.0,UTEXAS_10000205_R225,1.2,-1.3321421146392822,30.0,36
53.0,UTEXAS_10000079_R84,1.4,2.582613706588745,296.0,413
54.0,UTEXAS_10000655_R687,1.6,-0.47320833802223206,130.0,170
55.0,UTEXAS_10000080_R85,1.7,-0.7414871454238892,87.0,113
56.0,UTEXAS_10000078_R83,1.8,1.3583643436431885,272.0,379
57.0,UTEXAS_10001301_R1345,1.9,0.3971596956253052,216.0,303
58.5,UTEXAS_10000099_R104,2.0,-1.0883060693740845,52.0,63
58.5,UTEXAS_10000368_R390,2.0,2.026287317276001,283.0,396
60.0,UTEXAS_10000574_R603,2.1,-0.15973129868507385,166.0,219
61.0,UTEXAS_10001298_R1342,2.2,0.9311208128929138,259.0,361
62.0,UTEXAS_10001423_R1475,2.4,-0.6713506579399109,95.0,128
63.0,UTEXAS_10001186_R1230,2.5,1.125248670578003,265.0,369
64.5,UTEXAS_10001194_R1238,2.6,-0.13372600078582764,167.0,223
64.5,UTEXAS_10001303_R1347,2.6,0.5863029360771179,238.0,332
66.5,UTEXAS_10001416_R1465,2.9,-1.6351125240325928,14.0,16
66.5,UTEXAS_10001420_R1471,2.9,2.4516828060150146,292.0,408
68.5,UTEXAS_10000098_R103,3.0,-1.7834416627883911,6.0,7
68.5,UTEXAS_10000011_R13,3.0,-0.3308321535587311,149.0,194
70.0,UTEXAS_10000010_R12,3.2,0.06065493822097778,189.0,258
71.0,UTEXAS_10001427_R1480,3.49,2.622361183166504,297.0,414
72.0,UTEXAS_10001249_R1293,3.7,-0.7583444714546204,84.0,107
73.0,UTEXAS_10000573_R602,3.9,-0.2226436734199524,163.0,213
74.5,UTEXAS_10001414_R1463,4.0,0.23454934358596802,203.0,286
74.5,UTEXAS_10001299_R1343,4.0,0.6767864227294922,243.0,338
76.0,UTEXAS_10000911_R952,4.2,0.9131588339805603,257.0,359
77.0,UTEXAS_10000097_R102,4.3,-1.745768666267395,9.0,10
78.0,UTEXAS_10000959_R1000,4.58,0.20658153295516968,201.0,278
79.5,UTEXAS_10000898_R938,4.7,0.029311180114746094,186.0,254
79.5,UTEXAS_10001300_R1344,4.7,1.1904090642929077,266.0,372
81.0,UTEXAS_10000993_R1036,4.98,-0.997730553150177,58.0,73
82.0,UTEXAS_10000009_R11,5.0,0.6609866619110107,241.0,336
83.0,UTEXAS_10000235_R256,5.15,-1.840449571609497,4.0,4
84.0,UTEXAS_10000541_R570,6.0,-0.556035578250885,115.0,151
85.0,UTEXAS_10000958_R999,6.13,-0.13253208994865417,168.0,224
86.0,UTEXAS_10000904_R944,6.3,-0.5723098516464233,111.0,147
87.0,UTEXAS_10000698_R730,6.4,-0.2121526449918747,164.0,215
88.0,UTEXAS_10000960_R1001,6.49,0.1015116274356842,192.0,264
89.0,UTEXAS_10000957_R998,6.68,0.20833319425582886,202.0,279
90.0,UTEXAS_10000323_R345,7.0,0.2706054747104645,207.0,291
91.0,UTEXAS_10000012_R14,8.1,-0.3457266092300415,144.0,189
92.0,UTEXAS_10000881_R920,8.2,0.10628706216812134,193.0,266
93.0,UTEXAS_10000903_R943,8.7,0.13901281356811523,196.0,270
94.0,UTEXAS_10001248_R1292,8.75,-0.5542563796043396,116.0,152
95.0,UTEXAS_10000542_R571,9.0,-0.5507073998451233,118.0,155
96.0,UTEXAS_10000883_R922,9.4,-0.6761077046394348,94.0,127
97.0,UTEXAS_10000657_R689,9.61,-0.35670197010040283,143.0,187
98.0,UTEXAS_10000885_R924,9.8,-0.7987244129180908,80.0,103
99.5,UTEXAS_10000607_R639,10.0,-1.9351720809936523,3.0,3
99.5,UTEXAS_10000545_R574,10.0,-0.5937525629997253,108.0,144
101.0,UTEXAS_10001376_R1424,10.2,-0.10697340965270996,170.0,227
102.0,UTEXAS_10001141_R1184,11.5,-0.3109336793422699,152.0,198
103.0,UTEXAS_10001375_R1423,12.0,-0.7075943946838379,91.0,120
104.0,UTEXAS_10000658_R690,12.08,-0.4336124658584595,137.0,178
105.0,UTEXAS_10000884_R923,13.4,0.45625099539756775,223.0,313
106.5,UTEXAS_10000544_R573,15.0,-0.774466335773468,82.0,105
106.5,UTEXAS_10001311_R1355,15.0,0.8353993892669678,252.0,352
108.0,UTEXAS_10001247_R1291,15.2,0.8697114586830139,254.0,354
109.0,UTEXAS_10001091_R1134,15.3497,0.753180980682373,251.0,348
110.0,UTEXAS_10000981_R1024,16.0,0.29126444458961487,210.0,296
111.0,UTEXAS_10000543_R572,17.0,-0.3589508533477783,142.0,186
112.0,UTEXAS_10000699_R731,17.1,-0.33439403772354126,147.0,192
113.0,UTEXAS_10000911_R951,18.0,-0.019055575132369995,179.0,241
114.0,UTEXAS_10000886_R925,18.9,0.006266772747039795,185.0,250
115.0,UTEXAS_10000546_R575,19.0,-0.8359583616256714,74.0,96
116.0,UTEXAS_10001377_R1425,19.3,-0.27540597319602966,158.0,205
117.0,UTEXAS_10001332_R1377,19.6,-0.6253702640533447,105.0,139
119.0,UTEXAS_10000910_R950,20.0,-0.27715012431144714,156.0,203
119.0,UTEXAS_10001327_R1371,20.0,-0.2736054062843323,159.0,206
119.0,UTEXAS_10000077_R82,20.0,2.1918833255767822,288.0,401
121.0,UTEXAS_10001101_R1144,20.5,-0.9189073443412781,63.0,82
122.0,UTEXAS_10000788_R822,20.9,-1.1499141454696655,46.0,57
123.0,UTEXAS_10000982_R1025,21.0,-0.2372913360595703,162.0,211
124.0,UTEXAS_10001374_R1422,21.3,-0.5672704577445984,112.0,148
125.5,UTEXAS_10000008_R10,23.0,-0.08402201533317566,172.0,232
125.5,UTEXAS_10000908_R948,23.0,0.7325229644775391,248.0,345
127.0,UTEXAS_10000914_R955,23.1,0.18310078978538513,200.0,275
128.0,UTEXAS_10001353_R1399,24.6,-1.3259726762771606,31.0,37
129.0,UTEXAS_10001310_R1354,25.0,0.11306965351104736,194.0,268
130.0,UTEXAS_10000909_R949,27.0,0.738563060760498,249.0,346
131.0,UTEXAS_10000370_R392,28.0,-1.6753733158111572,12.0,14
132.0,UTEXAS_10000640_R672,29.0,-0.38553571701049805,140.0,182
133.5,UTEXAS_10000983_R1026,30.0,-1.6454601287841797,13.0,15
133.5,UTEXAS_10000149_R164,30.0,2.1758782863616943,286.0,399
135.0,UTEXAS_10001166_R1210,32.0,-0.44165918231010437,136.0,177
136.0,UTEXAS_10001267_R1311,32.52,-0.9560746550559998,62.0,79
137.0,UTEXAS_10000789_R823,33.2,-0.3408908545970917,146.0,191
138.0,UTEXAS_10001003_R1046,34.5,-0.7142900228500366,89.0,117
139.0,UTEXAS_10001423_R1476,36.0,-0.6491827964782715,101.0,134
140.0,UTEXAS_10001102_R1145,37.6,-0.5191503763198853,121.0,159
141.0,UTEXAS_10001424_R1477,38.0,2.550051689147949,293.0,410
142.0,UTEXAS_10000639_R671,39.0,-1.2259283065795898,41.0,49
143.0,UTEXAS_10000153_R168,42.0,2.354882001876831,291.0,407
144.0,UTEXAS_10000767_R801,42.7,0.6099565625190735,239.0,333
145.0,UTEXAS_10001265_R1309,43.59,0.5658215880393982,237.0,330
146.0,UTEXAS_10000882_R921,44.0,-0.09627607464790344,171.0,229
147.0,UTEXAS_10001224_R1268,47.0,2.309566020965576,290.0,406
148.0,UTEXAS_10001133_R1176,48.29,0.17282962799072266,199.0,274
149.0,UTEXAS_10001132_R1175,50.45,-0.11187830567359924,169.0,226
150.0,UTEXAS_10001225_R1269,51.36,1.7668719291687012,280.0,391
151.0,UTEXAS_10001152_R1196,51.46,-0.5182894468307495,122.0,160
152.0,UTEXAS_10001185_R1229,52.7,-1.0113933086395264,57.0,72
153.0,UTEXAS_10001183_R1227,54.22,-0.44844186305999756,135.0,175
154.0,UTEXAS_10001312_R1356,55.0,0.2511269152164459,205.0,288
155.0,UTEXAS_10001331_R1375,56.45,0.5045835971832275,229.0,321
156.0,UTEXAS_10000578_R607,56.7,0.45200493931770325,222.0,312
157.0,UTEXAS_10000659_R691,56.84,0.40832164883613586,217.0,304
158.0,UTEXAS_10001055_R1098,56.9,-0.6555432081222534,99.0,132
159.0,UTEXAS_10000580_R609,59.0,0.5156474709510803,231.0,323
160.0,UTEXAS_10000371_R393,60.0,-1.3424357175827026,27.0,33
161.0,UTEXAS_10001370_R1418,60.06,-0.786569356918335,81.0,104
162.0,UTEXAS_10000579_R608,65.5,-0.006098300218582153,181.0,246
163.0,UTEXAS_10001266_R1310,66.55,-0.3818281292915344,141.0,183
164.0,UTEXAS_10001090_R1133,68.5655,0.35432538390159607,213.0,300
165.0,UTEXAS_10000768_R802,69.277,1.0504292249679565,263.0,365
166.0,UTEXAS_10000961_R1002,73.3,0.5532448887825012,235.0,328
167.0,UTEXAS_10000918_R959,77.0,-0.04846423864364624,176.0,238
168.0,UTEXAS_10000700_R732,78.2,-0.04011433571577072,177.0,239
169.0,UTEXAS_10001134_R1177,85.02,-0.8007135391235352,79.0,102
170.0,UTEXAS_10000577_R606,85.2,-6.0558319091796875e-05,182.0,247
171.0,UTEXAS_10000063_R67,87.0,-0.27112698554992676,160.0,207
172.0,UTEXAS_10000061_R63,88.0,-0.4976765811443329,127.0,165
173.0,UTEXAS_10000790_R824,90.4,-0.8406322002410889,73.0,95
174.0,UTEXAS_10000769_R803,94.228,0.9897914528846741,262.0,364
175.0,UTEXAS_10000764_R798,100.64,1.237412929534912,268.0,375
176.0,UTEXAS_10000701_R733,101.2,1.2874391078948975,269.0,376
177.0,UTEXAS_10001167_R1211,101.62,-0.027658045291900635,178.0,240
178.0,UTEXAS_10000697_R729,102.0,0.3444759249687195,211.0,298
179.0,UTEXAS_10000770_R804,104.265,0.9723586440086365,261.0,363
180.5,UTEXAS_10001011_R1054,110.0,-0.482300728559494,129.0,169
180.5,UTEXAS_10000999_R1042,110.0,1.3240809440612793,271.0,378
182.0,UTEXAS_10000751_R783,111.0,0.6234994530677795,240.0,334
183.5,UTEXAS_10000005_R7,112.5,1.5137622356414795,278.0,385
183.5,UTEXAS_10000004_R6,112.5,2.8431596755981445,300.0,417
185.0,UTEXAS_10001196_R1240,118.0,-1.206350564956665,42.0,50
186.0,UTEXAS_10000615_R647,122.0,-0.6874830722808838,93.0,123
187.0,UTEXAS_10000150_R165,126.0,1.8557499647140503,282.0,394
188.0,UTEXAS_10001371_R1419,128.8,-1.2380672693252563,40.0,48
189.0,UTEXAS_10000766_R800,148.73,0.724682092666626,246.0,343
190.0,UTEXAS_10000393_R415,164.0,0.42282405495643616,221.0,309
191.0,UTEXAS_10000765_R799,166.34,0.9454970359802246,260.0,362
192.0,UTEXAS_10000290_R312,175.0,-1.2419410943984985,38.0,46
193.0,UTEXAS_10001297_R1341,177.0,1.8445616960525513,281.0,393
194.0,UTEXAS_10001331_R1376,180.0,0.5228760838508606,232.0,324
195.0,UTEXAS_10000791_R825,186.0,-1.4480654001235962,22.0,26
196.0,UTEXAS_10000794_R828,196.0,-1.6922502517700195,10.0,11
197.0,UTEXAS_10000372_R394,200.0,-1.3549575805664062,26.0,32
198.0,UTEXAS_10000793_R827,221.0,-0.9710809588432312,60.0,76
203.5,UTEXAS_10000668_R700,228.4,-1.5263981819152832,18.0,21
203.5,UTEXAS_10000675_R707,228.4,-1.5247470140457153,19.0,22
203.5,UTEXAS_10000672_R704,228.4,-1.3957126140594482,24.0,30
203.5,UTEXAS_10000669_R701,228.4,-1.272674798965454,34.0,42
203.5,UTEXAS_10000671_R703,228.4,-1.2684391736984253,35.0,43
203.5,UTEXAS_10000665_R697,228.4,-1.2620649337768555,36.0,44
203.5,UTEXAS_10000670_R702,228.4,-1.2447357177734375,37.0,45
203.5,UTEXAS_10000673_R705,228.4,-0.7565667629241943,85.0,109
203.5,UTEXAS_10000667_R699,228.4,-0.7439552545547485,86.0,111
203.5,UTEXAS_10000674_R706,228.4,-0.6083836555480957,106.0,142
209.0,UTEXAS_10000394_R416,240.0,-0.4581807851791382,134.0,174
211.0,UTEXAS_10000374_R396,250.0,-1.2416177988052368,39.0,47
211.0,UTEXAS_10000327_R349,250.0,-1.1281346082687378,49.0,60
211.0,UTEXAS_10000373_R395,250.0,-0.5481845140457153,119.0,156
213.0,UTEXAS_10000792_R826,252.0,-1.5384702682495117,17.0,20
214.0,UTEXAS_10000685_R717,272.0,0.41691702604293823,219.0,306
215.5,UTEXAS_10001010_R1053,290.0,0.2537878453731537,206.0,289
215.5,UTEXAS_10000589_R618,290.0,0.693779706954956,244.0,340
217.0,UTEXAS_10000886_R926,316.0,-1.3877626657485962,25.0,31
218.0,UTEXAS_10000062_R66,320.0,-0.6588962078094482,98.0,131
219.0,UTEXAS_10000585_R614,325.0,3.2321085929870605,301.0,418
220.0,UTEXAS_10000472_R498,330.0,-0.6275349855422974,103.0,137
221.0,UTEXAS_10000358_R380,370.0,-0.626280665397644,104.0,138
222.0,UTEXAS_10000583_R612,375.0,1.4348037242889404,273.0,380
223.0,UTEXAS_10001187_R1231,383.0,-0.07166886329650879,174.0,235
224.0,UTEXAS_10001422_R1474,390.0,1.4577988386154175,275.0,382
225.0,UTEXAS_10001153_R1197,403.7,-0.6915192604064941,92.0,122
226.0,UTEXAS_10000589_R619,410.0,-1.0199681520462036,56.0,71
227.0,UTEXAS_10000924_R965,419.0,0.4760648012161255,226.0,317
228.0,UTEXAS_10000590_R620,430.0,-1.157036542892456,45.0,56
229.0,UTEXAS_10000430_R456,450.0,-0.33400189876556396,148.0,193
230.0,UTEXAS_10000582_R611,460.0,1.1980394124984741,267.0,373
231.0,UTEXAS_10000592_R623,490.0,-0.3419286012649536,145.0,190
233.0,UTEXAS_10000590_R621,500.0,-1.0344409942626953,55.0,69
233.0,UTEXAS_10000375_R397,500.0,-0.9127092957496643,64.0,83
233.0,UTEXAS_10001063_R1106,500.0,-0.07920238375663757,173.0,233
235.0,UTEXAS_10001154_R1198,543.3,-0.8220858573913574,76.0,98
236.0,UTEXAS_10000228_R249,600.0,-0.8876103758811951,66.0,85
237.0,UTEXAS_10000584_R613,625.0,-0.4725205600261688,131.0,171
238.0,UTEXAS_10000328_R350,660.0,-1.768578290939331,7.0,8
239.0,UTEXAS_10000592_R624,750.0,0.5003838539123535,228.0,320
240.0,UTEXAS_10000818_R854,766.0,0.24513685703277588,204.0,287
242.0,UTEXAS_10000758_R791,1000.0,-0.8283839225769043,75.0,97
242.0,UTEXAS_10000230_R251,1000.0,-0.27651405334472656,157.0,204
242.0,UTEXAS_10000229_R250,1000.0,0.5268416404724121,233.0,325
244.0,UTEXAS_10000405_R429,1080.0,-1.1250032186508179,50.0,61
245.0,UTEXAS_10000929_R970,1210.0,-0.24038287997245789,161.0,210
246.0,UTEXAS_10000215_R236,1300.0,-1.591085433959961,16.0,18
247.5,UTEXAS_10000142_R157,1500.0,0.87067711353302,255.0,355
247.5,UTEXAS_10000813_R849,1500.0,1.1243350505828857,264.0,368
249.0,UTEXAS_10000301_R323,1600.0,-0.32391008734703064,150.0,196
250.0,UTEXAS_10000809_R845,1757.0,-0.8024303913116455,78.0,101
251.0,UTEXAS_10000927_R968,1770.0,-0.5957988500595093,107.0,143
252.0,UTEXAS_10000473_R499,1800.0,-0.71153724193573,90.0,119
253.0,UTEXAS_10000431_R457,2000.0,0.3884740173816681,215.0,302
254.0,UTEXAS_10000162_R177,2100.0,-1.0487866401672363,53.0,65
255.0,UTEXAS_10000822_R858,2200.0,-0.286909282207489,155.0,202
256.0,UTEXAS_10000302_R324,2700.0,-1.1825071573257446,43.0,52
257.0,UTEXAS_10000810_R846,3000.0,0.041503697633743286,187.0,256
258.0,UTEXAS_10000812_R848,3200.0,0.42103007435798645,220.0,308
259.0,UTEXAS_10000215_R235,3300.0,-1.6156423091888428,15.0,17
260.0,UTEXAS_10000111_R117,3309.0,-1.7460026741027832,8.0,9
261.0,UTEXAS_10000814_R850,3800.0,0.7397425174713135,250.0,347
262.0,UTEXAS_10001060_R1103,4600.0,-0.8836085796356201,68.0,87
263.0,UTEXAS_10001064_R1107,4800.0,0.562961757183075,236.0,329
264.0,UTEXAS_10001131_R1174,4830.0,0.0008265376091003418,183.0,248
265.0,UTEXAS_10000443_R469,4900.0,-0.9709447622299194,61.0,77
266.0,UTEXAS_10000811_R847,5200.0,0.7110493183135986,245.0,342
267.0,UTEXAS_10000474_R500,5800.0,1.4738637208938599,276.0,383
268.0,UTEXAS_10000299_R321,6300.0,-1.4753352403640747,20.0,24
269.0,UTEXAS_10000164_R179,7000.0,-1.4462387561798096,23.0,27
270.0,UTEXAS_10000163_R178,8000.0,-1.1484007835388184,47.0,58
271.0,UTEXAS_10000062_R65,8800.0,-1.2782385349273682,33.0,41
272.0,UTEXAS_10000297_R319,9100.0,-1.1810885667800903,44.0,53
273.0,UTEXAS_10000303_R325,9800.0,-0.3145025670528412,151.0,197
274.5,UTEXAS_10000350_R372,10000.0,-1.3386646509170532,29.0,35
274.5,UTEXAS_10000349_R371,10000.0,-1.1345696449279785,48.0,59
276.0,UTEXAS_10000296_R318,11000.0,-1.1114237308502197,51.0,62
277.0,UTEXAS_10000821_R857,11600.0,0.05674615502357483,188.0,257
278.0,UTEXAS_10000432_R458,12000.0,-0.5035208463668823,125.0,163
279.0,UTEXAS_10000300_R322,13000.0,-0.8855360150337219,67.0,86
280.0,UTEXAS_10000063_R68,19700.0,-0.38745176792144775,139.0,181
281.5,UTEXAS_10000326_R348,20000.0,-0.8105297088623047,77.0,99
281.5,UTEXAS_10000061_R64,20000.0,-0.1685931533575058,165.0,218
283.0,UTEXAS_10000819_R855,20030.0,0.004798144102096558,184.0,249
284.0,UTEXAS_10000165_R180,25000.0,-1.6857603788375854,11.0,12
285.0,UTEXAS_10000318_R340,35000.0,-1.4581440687179565,21.0,25
286.0,UTEXAS_10000351_R373,45000.0,0.4842888414859772,227.0,318
287.0,UTEXAS_10000622_R654,50000.0,-1.3234983682632446,32.0,38
288.0,UTEXAS_10000070_R75,56000.0,-2.0535600185394287,1.0,1
289.5,UTEXAS_10000325_R347,100000.0,-1.0420643091201782,54.0,66
289.5,UTEXAS_10000001_R3,100000.0,-0.5910786986351013,109.0,145
291.0,UTEXAS_10000298_R320,120000.0,-0.30576974153518677,153.0,199
292.0,UTEXAS_10001413_R1462,129000.0,-1.7967630624771118,5.0,5
293.0,UTEXAS_10001412_R1461,135000.0,2.5800130367279053,295.0,412
294.0,UTEXAS_10000305_R327,150000.0,-0.8598616123199463,70.0,91
295.0,UTEXAS_10000289_R311,165000.0,-0.051422879099845886,175.0,237
296.0,UTEXAS_10000304_R326,220000.0,-0.7408907413482666,88.0,114
297.0,UTEXAS_10000288_R310,223000.0,-0.9958742260932922,59.0,74
298.0,UTEXAS_10000352_R374,760000.0,0.0969909131526947,191.0,263
299.0,UTEXAS_10001333_R1378,1000000.0,-0.6408461332321167,102.0,135
300.5,UTEXAS_10000841_R880,139000000.0,-0.6605013608932495,97.0,130
300.5,UTEXAS_10000841_R879,139000000.0,-0.6555147171020508,100.0,133
